{
  "name": "real-email-checker-server",
  "version": "1.0.0",
  "description": "Real email account checker with POP3/IMAP/SMTP validation and proxy support",
  "main": "server.js",
  "scripts": {
    "start": "node server.js",
    "dev": "nodemon server.js",
    "test": "jest",
    "test:coverage": "jest --coverage"
  },
  "keywords": [
    "email",
    "checker",
    "pop3",
    "imap", 
    "smtp",
    "proxy",
    "validation"
  ],
  "author": "Email Checker Team",
  "license": "MIT",
  "dependencies": {
    "express": "^4.18.2",
    "cors": "^2.8.5",
    "helmet": "^7.1.0",
    "express-rate-limit": "^7.1.5",
    "nodemailer": "^6.9.7",
    "imapflow": "^1.0.164",
    "sqlite3": "^5.1.6",
    "bcrypt": "^5.1.1",
    "jsonwebtoken": "^9.0.2",
    "socks-proxy-agent": "^8.0.2",
    "https-proxy-agent": "^7.0.2",
    "node-fetch": "^3.3.2",
    "dotenv": "^16.3.1"
  },
  "devDependencies": {
    "nodemon": "^3.0.2",
    "jest": "^29.7.0",
    "supertest": "^6.3.3"
  },
  "engines": {
    "node": ">=16.0.0"
  },
  "repository": {
    "type": "git",
    "url": "https://github.com/your-username/real-email-checker.git"
  }
}